{
  "Full_FedPDG": {
    "accuracy": 0.6814265678220798,
    "f1_macro": 0.4983352806416231
  },
  "No_PDS": {
    "accuracy": 0.6985574033259868,
    "f1_macro": 0.47361550554539783
  },
  "No_DWA": {
    "accuracy": 0.16790222400320576,
    "f1_macro": 0.4918176222617953,
    "f1_weighted": 0.1504019907592173,
    "precision_macro": 0.5168845167678676,
    "recall_macro": 0.8647513595428432,
    "f1_per_class": [
      0.005758157389635317,
      0.0020857776039629773,
      0.9310027598896045,
      0.8297872340425532,
      0.9003300330033003,
      0.5555555555555556,
      0.5818181818181818,
      0.2026431718061674,
      0.8337236533957846,
      0.07547169811320754
    ],
    "detection_rate": 0.999999999994012,
    "false_alarm_rate": 0.9971126082759899,
    "precision_binary": 0.1677043583047121,
    "f1_binary": 0.28723770209838323
  },
  "No_APS": {
    "accuracy": 0.9642356241234221,
    "f1_macro": 0.7364808980354184
  }
}