{
  "alphas": [
    0.1,
    0.3,
    0.5,
    1.0
  ],
  "FedPDG": [
    0,
    0,
    0,
    0
  ],
  "FedAvg": [
    0.1544538580436194,
    0.2618262997789413,
    0.37256514650470546,
    0.3430920851992649
  ]
}