{
  "0.1": {
    "FedPDG": {
      "f1_macro": 0.555730693454858,
      "accuracy": 0.9584306398879029,
      "byz_detected": 0,
      "byz_precision": 0.0,
      "byz_recall": 0.0,
      "byz_f1": 0.0,
      "byz_accuracy": 0.8
    },
    "FedAvg": {
      "accuracy": 0.9473247184597021,
      "f1_macro": 0.5895845226511802,
      "f1_weighted": 0.9588668515545299,
      "precision_macro": 0.5607361306571448,
      "recall_macro": 0.7329573307534343,
      "f1_per_class": [
        0.96965018987928,
        0.05555555555555555,
        0.9744847890088322,
        0.7383177570093458,
        0.8932806324110671,
        0.7692307692307693,
        0.367816091954023,
        0.24289405684754523,
        0.8846153846153846,
        0.0
      ],
      "detection_rate": 0.9761904761867869,
      "false_alarm_rate": 0.05534500391021154,
      "precision_binary": 0.7373679703090569,
      "f1_binary": 0.8401366075784681
    },
    "Krum": {
      "accuracy": 0.9303544553427786,
      "f1_macro": 0.43225418204355925,
      "f1_weighted": 0.9465376761720827,
      "precision_macro": 0.38912269217418566,
      "recall_macro": 0.6468067816271997,
      "f1_per_class": [
        0.9617976138962725,
        0.17647058823529413,
        0.9255952380952381,
        0.6120689655172413,
        0.8937544867193108,
        0.36470588235294116,
        0.22551928783382788,
        0.16262975778546712,
        0.0,
        0.0
      ],
      "detection_rate": 0.9349962207069729,
      "false_alarm_rate": 0.06400770017441856,
      "precision_binary": 0.6992651215356155,
      "f1_binary": 0.8001293661060802
    },
    "FLAME": {
      "accuracy": 0.9565104572110644,
      "f1_macro": 0.5490990492893889,
      "f1_weighted": 0.965286759124412,
      "precision_macro": 0.49009690013554297,
      "recall_macro": 0.7391220656507326,
      "f1_per_class": [
        0.9753245162870439,
        0.11864406779661017,
        0.9779303580186366,
        0.6909090909090909,
        0.9253200568990043,
        0.5483870967741935,
        0.38636363636363635,
        0.2379746835443038,
        0.6301369863013698,
        0.0
      ],
      "detection_rate": 0.9576719576683383,
      "false_alarm_rate": 0.04174938338444219,
      "precision_binary": 0.7850061957844331,
      "f1_binary": 0.8627851549199864
    }
  },
  "0.2": {
    "FedPDG": {
      "f1_macro": 0.4671791842038092,
      "accuracy": 0.9358036223986714,
      "byz_detected": 0,
      "byz_precision": 0.0,
      "byz_recall": 0.0,
      "byz_f1": 0.0,
      "byz_accuracy": 0.8
    },
    "FedAvg": {
      "accuracy": 0.963827910114692,
      "f1_macro": 0.6278281773659133,
      "f1_weighted": 0.9728640266711538,
      "precision_macro": 0.6301965946422865,
      "recall_macro": 0.7406667002481837,
      "f1_per_class": [
        0.9797556082436623,
        0.12598425196850394,
        0.9816740960871718,
        0.7959183673469388,
        0.9527410207939508,
        0.8108108108108109,
        0.5205479452054794,
        0.2088888888888889,
        0.9019607843137255,
        0.0
      ],
      "detection_rate": 0.939909297048602,
      "false_alarm_rate": 0.030499909763562233,
      "precision_binary": 0.8306613226425162,
      "f1_binary": 0.8819148936170212
    },
    "Krum": {
      "accuracy": 0.9269292646219316,
      "f1_macro": 0.45838684002710073,
      "f1_weighted": 0.9437353284327068,
      "precision_macro": 0.39300396673372673,
      "recall_macro": 0.7434383019273098,
      "f1_per_class": [
        0.9593976540866805,
        0.023529411764705882,
        0.9267605633802817,
        0.4,
        0.8839541547277937,
        0.28054298642533937,
        0.28668941979522183,
        0.23325062034739455,
        0.5897435897435898,
        0.0
      ],
      "detection_rate": 0.9622071050606115,
      "false_alarm_rate": 0.07248992359978795,
      "precision_binary": 0.6787523327094674,
      "f1_binary": 0.7959981241206816
    },
    "FLAME": {
      "accuracy": 0.9394364004359333,
      "f1_macro": 0.5593312690646495,
      "f1_weighted": 0.9579807848364471,
      "precision_macro": 0.5044849904316133,
      "recall_macro": 0.7663280143669295,
      "f1_per_class": [
        0.9647950226383712,
        0.02564102564102564,
        0.9771144278606965,
        0.7428571428571429,
        0.9432380952380952,
        0.6804123711340206,
        0.47761194029850745,
        0.2647887323943662,
        0.5168539325842697,
        0.0
      ],
      "detection_rate": 0.9312169312134119,
      "false_alarm_rate": 0.05781146604099271,
      "precision_binary": 0.7194160583920601,
      "f1_binary": 0.8117278866743535
    }
  },
  "0.3": {
    "FedPDG": {
      "f1_macro": 0.584163524014413,
      "accuracy": 0.9492967979656443,
      "byz_detected": 0,
      "byz_precision": 0.0,
      "byz_recall": 0.0,
      "byz_f1": 0.0,
      "byz_accuracy": 0.8
    },
    "FedAvg": {
      "accuracy": 0.9538118220976698,
      "f1_macro": 0.5599731744074317,
      "f1_weighted": 0.9642639467194476,
      "precision_macro": 0.4980765356801511,
      "recall_macro": 0.7829989328493916,
      "f1_per_class": [
        0.9733742331288343,
        0.1308411214953271,
        0.9768358797437161,
        0.7857142857142857,
        0.9291338582677166,
        0.6526315789473685,
        0.3333333333333333,
        0.23558897243107768,
        0.5822784810126582,
        0.0
      ],
      "detection_rate": 0.9580498866176945,
      "false_alarm_rate": 0.04553931300003276,
      "precision_binary": 0.7700486026708079,
      "f1_binary": 0.8538228359717076
    },
    "Krum": {
      "accuracy": 0.9208054387876901,
      "f1_macro": 0.4778750396195222,
      "f1_weighted": 0.9329541978485186,
      "precision_macro": 0.40730449115490214,
      "recall_macro": 0.6961900866274153,
      "f1_per_class": [
        0.9581955450177825,
        0.0,
        0.7354028085735402,
        0.6236559139784946,
        0.8679245283018868,
        0.4444444444444444,
        0.44871794871794873,
        0.24040920716112532,
        0.46,
        0.0
      ],
      "detection_rate": 0.97203325774387,
      "false_alarm_rate": 0.07615953798948676,
      "precision_binary": 0.6701406982786083,
      "f1_binary": 0.7933374460209747
    },
    "FLAME": {
      "accuracy": 0.8783019357517255,
      "f1_macro": 0.5183620666357325,
      "f1_weighted": 0.9238460221790616,
      "precision_macro": 0.47416084015502813,
      "recall_macro": 0.791315440513569,
      "f1_per_class": [
        0.9257625167849607,
        0.013810420590081607,
        0.9750499001996008,
        0.79,
        0.9452054794520548,
        0.6458333333333334,
        0.36,
        0.25895316804407714,
        0.26900584795321636,
        0.0
      ],
      "detection_rate": 0.9331065759601924,
      "false_alarm_rate": 0.12903807976891712,
      "precision_binary": 0.5351105331587882,
      "f1_binary": 0.6801652892561983
    }
  },
  "0.4": {
    "FedPDG": {
      "f1_macro": 0.3936202115096158,
      "accuracy": 0.8886813015724739,
      "byz_detected": 0,
      "byz_precision": 0.0,
      "byz_recall": 0.0,
      "byz_f1": 0.0,
      "byz_accuracy": 0.6
    },
    "FedAvg": {
      "accuracy": 0.3700762883387825,
      "f1_macro": 0.5657268256317182,
      "f1_weighted": 0.4996291671418822,
      "precision_macro": 0.5937574323172454,
      "recall_macro": 0.7255033350135512,
      "f1_per_class": [
        0.43337239278181394,
        0.002558417192563534,
        0.9775390625,
        0.746268656716418,
        0.9286482610254572,
        0.8,
        0.47368421052631576,
        0.42727272727272725,
        0.8679245283018868,
        0.0
      ],
      "detection_rate": 0.9663643235035285,
      "false_alarm_rate": 0.7218913553505854,
      "precision_binary": 0.1756543243799027,
      "f1_binary": 0.29727373132593155
    },
    "Krum": {
      "accuracy": 0.9365820748352276,
      "f1_macro": 0.49012599218415503,
      "f1_weighted": 0.9490665143268251,