{
  "FedPDG": {
    "accuracy": 0.9584306398879029,
    "f1_macro": 0.555730693454858,
    "detection_rate": 0.9527588813267092,
    "false_alarm_rate": 0.03940323647955279,
    "convergence": {
      "round": [
        2
      ],
      "accuracy": [
        0.9584306398879029
      ],
      "f1_macro": [
        0.555730693454858
      ],
      "detection_rate": [
        0.9527588813267092
      ],
      "false_alarm_rate": [
        0.03940323647955279
      ],
      "pds_scores": [
        {
          "0": 1.6006611287593842,
          "1": 3.8050283044576645,
          "2": 2.4389775097370148,
          "3": 3.6220128387212753,
          "4": 2.375173009932041
        }
      ],
      "byzantine_detected": [
        0
      ],
      "zeroday_detected": [
        0
      ],
      "classes_spawned": [
        0
      ],
      "zd_detection_rate": [
        0.9999999999972649
      ]
    }
  },
  "FedAvg": {
    "accuracy": 0.9473247184597021,
    "f1_macro": 0.5895845226511802,
    "f1_weighted": 0.9588668515545299,
    "precision_macro": 0.5607361306571448,
    "recall_macro": 0.7329573307534343,
    "f1_per_class": [
      0.96965018987928,
      0.05555555555555555,
      0.9744847890088322,
      0.7383177570093458,
      0.8932806324110671,
      0.7692307692307693,
      0.367816091954023,
      0.24289405684754523,
      0.8846153846153846,
      0.0
    ],
    "detection_rate": 0.9761904761867869,
    "false_alarm_rate": 0.05534500391021154,
    "precision_binary": 0.7373679703090569,
    "f1_binary": 0.8401366075784681
  },
  "FedProx": {
    "accuracy": 0.9126057397892988,
    "f1_macro": 0.5685751882764842,
    "f1_weighted": 0.9417853119762175,
    "precision_macro": 0.5359324380190972,
    "recall_macro": 0.7510088136672275,
    "f1_per_class": [
      0.9480801283059216,
      0.017664376840039256,
      0.9620739318290926,
      0.7979274611398963,
      0.9230223483504789,
      0.8051948051948052,
      0.4827586206896552,
      0.2596685082872928,
      0.48936170212765956,
      0.0
    ],
    "detection_rate": 0.9614512471618993,
    "false_alarm_rate": 0.0931841424531714,
    "precision_binary": 0.6215489860722659,
    "f1_binary": 0.7550081614482861
  },
  "Krum": {
    "accuracy": 0.9140069541750999,
    "f1_macro": 0.45090984400126255,
    "f1_weighted": 0.9304025381029009,
    "precision_macro": 0.37495848821470984,
    "recall_macro": 0.7362531110372565,
    "f1_per_class": [
      0.9518598874320032,
      0.15789473684210525,
      0.7961707219784603,
      0.4666666666666667,
      0.8814147018030514,
      0.3469387755102041,
      0.30962343096234307,
      0.1950207468879668,
      0.40350877192982454,
      0.0
    ],
    "detection_rate": 0.9833711262245527,
    "false_alarm_rate": 0.0894543704505267,
    "precision_binary": 0.6363414037646458,
    "f1_binary": 0.7726800296956199
  },
  "FLAME": {
    "accuracy": 0.8997872230006747,
    "f1_macro": 0.6083789489383241,
    "f1_weighted": 0.9349899196857778,
    "precision_macro": 0.5805662820309976,
    "recall_macro": 0.7935499988741126,
    "f1_per_class": [
      0.9392532281661472,
      0.01764234161988773,
      0.9807976366322009,
      0.8452380952380952,
      0.9122689075630253,
      0.6888888888888889,
      0.5217391304347826,
      0.23918575063613232,
      0.9387755102040817,
      0.0
    ],
    "detection_rate": 0.9799697656803479,
    "false_alarm_rate": 0.11171268724050308,
    "precision_binary": 0.5826966292121737,
    "f1_binary": 0.7308342728297632
  },
  "FLTrust": {
    "accuracy": 0.003321397062639473,
    "f1_macro": 0.001820305438744534,
    "f1_weighted": 0.0001332502987402938,
    "precision_macro": 0.10090903856089928,
    "recall_macro": 0.18602852983258913,
    "f1_per_class": [
      0.00012030798845043312,
      0.0,
      0.0,
      0.0,
      0.0,
      0.006504593869420278,
      0.0,
      0.0,
      0.011578152529574628,
      0.0
    ],
    "detection_rate": 0.9999999999962208,
    "false_alarm_rate": 0.9999398423864525,
    "precision_binary": 0.13732613659947202,
    "f1_binary": 0.24148945879346537
  }
}