{
  "dataset": "NbAIoT",
  "seed": 42,
  "holdout_classes": [
    0
  ],
  "holdout_names": [
    "unknown"
  ],
  "classes_spawned": 0,
  "spawn_history": [],
  "pds_history": {
    "0": [
      0.0685892403125763,
      0.046200040727853775,
      0.033007897436618805,
      0.023279409855604172,
      0.017704268917441368,
      0.014225469902157784,
      0.010269871912896633,
      0.009051810018718243,
      0.006090217269957066,
      0.006098842713981867,
      0.006206020712852478,
      0.0059890649281442165,
      0.005308907013386488,
      0.0061625707894563675
    ],
    "1": [
      0.07248904556035995,
      0.04797389358282089,
      0.03312582150101662,
      0.02316964417695999,
      0.016873110085725784,
      0.012285125441849232,
      0.00875073205679655,
      0.006326221860945225,
      0.005026818718761206,
      0.003961143549531698,
      0.003096502972766757,
      0.002638735808432102,
      0.0023880868684500456,
      0.002391205634921789
    ],
    "2": [
      0.06684340536594391,
      0.04678095877170563,
      0.03159702569246292,
      0.022044144570827484,
      0.01698249764740467,
      0.012522195465862751,
      0.009075823239982128,
      0.0074502648785710335,
      0.005851435475051403,
      0.004666181746870279,
      0.0039353640750050545,
      0.004119004122912884,
      0.004255690611898899,
      0.003988541662693024
    ],
    "4": [
      0.4395590126514435,
      0.3316875398159027,
      0.23888522386550903,
      0.1723547875881195,
      0.12592533230781555,
      0.08942639082670212,
      0.06661786884069443,
      0.04763243719935417,
      0.035194020718336105,
      0.02550884336233139,
      0.01787371188402176,
      0.011995566077530384,
      0.009722393937408924,
      0.007698781322687864
    ]
  },
  "final_accuracy": 1.0,
  "final_f1": 1.0,
  "zd_detection_rates": [
    0.9999999999997802,
    0.9999999999997802,
    0.9999999999997802
  ],
  "inject_client": 2
}