{
  "dataset": "CICIDS2017",
  "seed": 42,
  "holdout_classes": [
    10,
    12
  ],
  "holdout_names": [
    "PortScan",
    "Web Attack \ufffd Brute Force"
  ],
  "classes_spawned": 0,
  "spawn_history": [],
  "pds_history": {
    "0": [
      1.4205812141299248,
      1.6625546663999557,
      1.4587499685585499,
      1.0826549660414457,
      0.8630823604762554,
      0.6905027329921722,
      0.5908469464629889,
      0.49865926057100296,
      0.47892543859779835
    ],
    "1": [
      2.495918035507202,
      1.9143869169056416,
      1.4956614673137665,
      1.469122502952814,
      1.3516685962677002,
      1.0733464136719704,
      1.1390276607125998,
      0.9945980664342642,
      0.7260991483926773
    ],
    "2": [
      2.521220900118351,
      2.704067848622799,
      2.0563702546060085,
      1.4880599118769169,
      1.2047019340097904,
      1.005586039274931,
      0.8877646904438734,
      0.9050696659833193,
      0.666685389354825
    ],
    "3": [
      3.7520149797201157,
      2.8771520480513573,
      2.6302475817501545,
      2.1849252358078957,
      2.083891101181507,
      1.9497745148837566,
      1.613319419324398,
      1.6230221278965473,
      1.4000658988952637
    ],
    "4": [
      2.7104191184043884,
      2.823883756995201,
      2.1073846630752087,
      1.6405247561633587,
      1.3531627841293812,
      1.0285495351999998,
      0.869912026450038,
      0.734536774456501,
      0.6088243778795004
    ]
  },
  "final_accuracy": 0.9901914992993928,
  "final_f1": 0.7514931347196218,
  "zd_detection_rates": [
    0.9999999999972649,
    0.9999999999972649
  ],
  "inject_client": 2
}