{
  "dataset": "ToN-IoT",
  "seed": 42,
  "holdout_classes": [
    1
  ],
  "holdout_names": [
    "scanning"
  ],
  "classes_spawned": 0,
  "spawn_history": [],
  "pds_history": {
    "0": [
      0.10997142642736435,
      0.09231691062450409,
      0.07379436492919922,
      0.059305451810359955,
      0.0468713603913784,
      0.039241570979356766,
      0.030083846300840378,
      0.02420833520591259,
      0.020775500684976578,
      0.017069727182388306,
      0.014075632207095623,
      0.011803408153355122,
      0.011331566609442234,
      0.009081118740141392
    ],
    "1": [
      0.10496897250413895,
      0.08961349725723267,
      0.07278553396463394,
      0.058154091238975525,
      0.046506717801094055,
      0.03757769986987114,
      0.029660683125257492,
      0.024602876976132393,
      0.019803334027528763,
      0.01621629297733307,
      0.012887857854366302,
      0.010230621322989464,
      0.008209171704947948,
      0.006911335978657007
    ],
    "2": [
      0.10474298894405365,
      0.08995150774717331,
      0.07281653583049774,
      0.05848975107073784,
      0.04670204967260361,
      0.037068963050842285,
      0.02969946525990963,
      0.024098165333271027,
      0.019759194925427437,
      0.015819553285837173,
      0.012622106820344925,
      0.010121206752955914,
      0.008155178278684616,
      0.007019143085926771
    ],
    "3": [
      0.10351366549730301,
      0.08950717002153397,
      0.07276535779237747,
      0.05851057171821594,
      0.04706640541553497,
      0.03739817440509796,
      0.029825614765286446,
      0.024344688281416893,
      0.01938326470553875,
      0.01585492305457592,
      0.01284614484757185,
      0.01010978501290083,
      0.008843435905873775,
      0.006526490207761526
    ],
    "4": [
      0.10415742546319962,
      0.09325229376554489,
      0.07240588217973709,
      0.059214621782302856,
      0.04536619782447815,
      0.04011165723204613,
      0.03280045837163925,
      0.024129966273903847,
      0.021415315568447113,
      0.01745252124965191,
      0.0161150936037302,
      0.014601390808820724,
      0.013934836722910404,
      0.01313716545701027
    ]
  },
  "final_accuracy": 1.0,
  "final_f1": 1.0,
  "zd_detection_rates": [
    0.9999999999997973,
    0.9999999999997973,
    0.9999999999997973
  ],
  "inject_client": 2
}